Company,Website,Title,Description
Arya.ai,https://arya.ai/,Arya.ai: Enterprise-Grade AI Solutions,Accelerate AI adoption with Arya.aiâs production-ready solutions. Leverage AI models that meet the business-critical needs of financial institutions & enterprises.
Cyient Ltd,https://www.cyient.com/,Delivering Intelligent Engineering,"Cyient's engineering services & digital transformation solutions help you drive innovation, optimize operations & unlock new opportunities for efficiency & growth."
Delta4 Infotech,https://delta4infotech.com/,Delta4 Infotech,No Description Found
Haptik,https://www.haptik.ai/,Drive Business Efficiency at Scale with Generative AI | Jio Haptik,"Tap into Jio Haptik's Generative AI capabilities and expert-driven consulting to transform business efficiency, reduce costs, boost ROI, and increase CSAT."
Infosys,https://www.infosys.com/,Infosys - Consulting | IT Services | Digital Transformation,Infosys is a global leader in next-generation digital services and consulting.
Kellton,https://www.kellton.com/,Technology Consulting | IoT & Digital Solutions | IT Services | Kellton,Kellton is a “Born Digital” technology consulting and IT services company that delivers innovative solutions and exceptional business value. Know more.
Oracle,https://www.oracle.com/,Oracle | Cloud Applications and Cloud Platform,Oracle offers a comprehensive and fully integrated stack of cloud applications and cloud platform services.
Persistent System,https://www.persistent.com/,Re(AI)magining the World: AI & Digital Engineering with Persistent,Re(AI)magining the World with Persistent Systems: Transform your AI journey with a trusted partner in digital engineering and enterprise modernization services.
Saksoft,https://www.saksoft.com/,You are being redirected...,No Description Found
Salesforce,https://www.salesforce.com/,Salesforce: The Customer Company | Salesforce India,"Personalise every experience along the customer journey with the Customer 360. Unify marketing, sales, service, commerce, and IT on the world's #1 CRM."
Zensar Technologies,https://www.zensar.com/,"Experience, Engineering, Engagement | Zensar","Zensar is a global organization which conceptualizes, builds, and manages digital products through experience design, data engineering, and advanced analytics for over 200 leading companies. Our solutions leverage industry-leading platforms to help our clients be competitive, agile, and disruptive while moving with velocity through change and opportunity."
Fractal Analytics,https://fractal.ai/,Fractal Analytics,"Fractal is a strategic analytics partner to global Fortune 500 companies & powers every human decision in the enterprise with AI, engineering & design."
